{
    "TIA": 1776773560.4231873,
    "INJ": 1776795434.622989,
    "APT": 1776727843.2937355,
    "PEPE": 1776752793.1448417,
    "ARB": 1776813108.7217145
}