{
    "FET": 1775226828.424559,
    "APT": 1775170531.9673717,
    "NEAR": 1775246301.1641629,
    "PEPE": 1775195806.0373785,
    "ARB": 1775205691.6146991,
    "OP": 1775215796.9616585,
    "AVAX": 1775235908.4962082,
    "SHIB": 1775253984.0882695
}