{
    "WIF": 1778097098.2667184,
    "NEAR": 1778124565.4941401,
    "APT": 1778077385.0808969,
    "OP": 1778152391.038948,
    "FET": 1778104876.2401745,
    "DOGE": 1778143166.1828132
}