{
    "FET": 1775496907.0999475,
    "ARB": 1775475645.1072636,
    "OP": 1775486458.404763,
    "AVAX": 1775541751.219282,
    "DOT": 1775505972.310433,
    "SUI": 1775513264.262233
}