{
    "APT": 1777844841.75891,
    "INJ": 1777802964.209528,
    "FET": 1777795588.445286,
    "OP": 1777823609.2388484,
    "TIA": 1777779193.0872533,
    "TRX": 1777814345.7004275,
    "ARB": 1777835159.5901914
}