{
    "DOGE": 1777449242.6690032,
    "ARB": 1777478802.3075643,
    "TIA": 1777499098.9173214
}