{
    "APT": 1777903777.1029506,
    "ARB": 1777835159.5901914,
    "DOGE": 1777865505.4941962,
    "PEPE": 1777883728.2352695,
    "FET": 1777892916.9631555,
    "LINK": 1777913420.129647
}