{
    "FET": 1777998612.4758475,
    "WIF": 1778038130.067485,
    "NEAR": 1777960145.182063,
    "OP": 1777968970.384168,
    "ADA": 1777978236.917083,
    "APT": 1778009280.0748396,
    "PEPE": 1778018660.8140647
}