{
    "TIA": 1777214092.4616494,
    "OP": 1777158380.6455286,
    "INJ": 1777185127.46057,
    "PEPE": 1777224408.6676967,
    "ARB": 1777202927.6857595,
    "ETH": 1777233784.2166133
}