{
    "TIA": 1775160258.8532891,
    "AVAX": 1775113127.6160882,
    "FET": 1775129858.0479763,
    "BNB": 1775144448.4749722
}