{
    "FET": 1775368743.2849264,
    "NEAR": 1775311644.8938146,
    "TIA": 1775318600.4002523,
    "DOT": 1775332126.471713,
    "BNB": 1775339996.2776306,
    "WIF": 1775376449.429709,
    "SUI": 1775386802.9509814
}