{
    "TIA": 1775160258.8532891,
    "AVAX": 1775113127.6160882,
    "FET": 1775129858.0479763,
    "BNB": 1775144448.4749722,
    "APT": 1775170531.9673717,
    "NEAR": 1775182818.1575904,
    "PEPE": 1775195806.0373785
}