{
    "TIA": 1776773560.4231873,
    "FET": 1776687471.068951,
    "INJ": 1776708781.4047167,
    "APT": 1776727843.2937355,
    "PEPE": 1776752793.1448417
}