{
    "APT": 1777622157.8631167,
    "ARB": 1777637314.05616,
    "INJ": 1777659481.2571573,
    "DOGE": 1777672645.5140188
}