{
    "APT": 1775777276.050354,
    "LINK": 1775736285.2232785,
    "TIA": 1775758476.3637311,
    "ARB": 1775802255.7738955
}