{
    "APT": 1775777276.050354,
    "TIA": 1775821183.7040787,
    "ARB": 1775862239.4940925,
    "DOT": 1775832426.9482832,
    "FET": 1775842812.1720166,
    "PEPE": 1775851351.360699
}