{
    "TIA": 1777053545.115888,
    "OP": 1777097352.0184677,
    "INJ": 1777116469.711448,
    "PEPE": 1777061545.4786696,
    "APT": 1777072339.0104363,
    "TRX": 1777127603.2257817
}