{
    "APT": 1775777276.050354,
    "TIA": 1775821183.7040787,
    "ARB": 1775802255.7738955,
    "DOT": 1775832426.9482832
}