{
    "TIA": 1776407177.303038,
    "DOT": 1776365472.4607558,
    "APT": 1776382082.5167737,
    "ARB": 1776427472.3349862
}