{
    "WIF": 1776168670.686326,
    "OP": 1776123181.2666686,
    "DOT": 1776082467.8016136,
    "ETH": 1776147757.6622674
}