{
    "FET": 1775289926.5900183,
    "APT": 1775279888.5967295,
    "NEAR": 1775246301.1641629,
    "OP": 1775215796.9616585,
    "AVAX": 1775235908.4962082,
    "SHIB": 1775253984.0882695,
    "PEPE": 1775300244.093816
}