{
    "FET": 1777998612.4758475,
    "WIF": 1778038130.067485,
    "NEAR": 1778064860.5972915,
    "APT": 1778077385.0808969,
    "PEPE": 1778018660.8140647,
    "SUI": 1778065852.4472857
}