{
    "TIA": 1777363165.1985219,
    "FET": 1777393470.9271834,
    "APT": 1777412540.3810632,
    "DOGE": 1777449242.6690032
}