{
    "APT": 1777903777.1029506,
    "OP": 1777823609.2388484,
    "ARB": 1777835159.5901914,
    "DOGE": 1777865505.4941962,
    "PEPE": 1777883728.2352695,
    "FET": 1777892916.9631555
}