{
    "WIF": 1778097098.2667184,
    "NEAR": 1778124565.4941401,
    "APT": 1778077385.0808969,
    "SUI": 1778065852.4472857,
    "OP": 1778085932.359849,
    "FET": 1778104876.2401745
}