{
    "TIA": 1776579635.239552,
    "ARB": 1776597140.3572435,
    "OP": 1776618393.825675,
    "FET": 1776532002.1122684,
    "APT": 1776608847.8683481
}