{
    "APT": 1777903777.1029506,
    "DOGE": 1777865505.4941962,
    "PEPE": 1777883728.2352695,
    "FET": 1777892916.9631555,
    "LINK": 1777913420.129647,
    "TIA": 1777923976.9614463,
    "WIF": 1777932352.6445146
}