{
    "FET": 1775496907.0999475,
    "ARB": 1775475645.1072636,
    "OP": 1775486458.404763,
    "SHIB": 1775418769.9226773,
    "AVAX": 1775456507.2516453
}