{
    "APT": 1777844841.75891,
    "INJ": 1777802964.209528,
    "OP": 1777823609.2388484,
    "TRX": 1777814345.7004275,
    "ARB": 1777835159.5901914,
    "DOGE": 1777865505.4941962,
    "PEPE": 1777883728.2352695
}