{
    "INJ": 1777325929.888713,
    "ARB": 1777276839.5269513,
    "OP": 1777303733.1218503,
    "TIA": 1777363165.1985219
}