{
    "TIA": 1777137975.0164895,
    "OP": 1777158380.6455286,
    "INJ": 1777116469.711448,
    "PEPE": 1777147139.3467095,
    "APT": 1777072339.0104363,
    "TRX": 1777127603.2257817
}