{
    "TIA": 1777585156.383146,
    "DOT": 1777535779.8262281,
    "APT": 1777622157.8631167
}