{
    "TIA": 1775649823.4058886,
    "NEAR": 1775674704.3019207,
    "APT": 1775689949.3323019,
    "FET": 1775714985.3543732
}