{
    "TIA": 1776970010.0005558,
    "OP": 1776946341.1150868,
    "WIF": 1776987254.1161504,
    "INJ": 1777012338.68051
}