{
    "WIF": 1776106594.093874,
    "OP": 1776123181.2666686,
    "NEAR": 1776065379.5683906,
    "DOT": 1776082467.8016136,
    "ETH": 1776147757.6622674
}