{
    "TIA": 1776467535.9995334,
    "ARB": 1776499858.3846364,
    "ETH": 1776447557.076021,
    "OP": 1776456701.3614588,
    "BTC": 1776491693.6699793
}