{
    "FET": 1777998612.4758475,
    "WIF": 1778038130.067485,
    "NEAR": 1778064860.5972915,
    "APT": 1778009280.0748396,
    "PEPE": 1778018660.8140647
}