{
    "TIA": 1776670267.5298564,
    "ETH": 1776628701.1602235,
    "SUI": 1776636422.846996,
    "FET": 1776687471.068951,
    "INJ": 1776708781.4047167
}