{
    "TIA": 1775160258.8532891,
    "FET": 1775129858.0479763,
    "BNB": 1775144448.4749722,
    "APT": 1775170531.9673717,
    "NEAR": 1775182818.1575904,
    "PEPE": 1775195806.0373785,
    "ARB": 1775205691.6146991,
    "OP": 1775215796.9616585
}