{
    "TIA": 1777053545.115888,
    "OP": 1777032533.154062,
    "WIF": 1776987254.1161504,
    "INJ": 1777012338.68051,
    "PEPE": 1777061545.4786696,
    "APT": 1777072339.0104363
}