{
    "APT": 1777700540.6244316,
    "ARB": 1777716127.3853056,
    "INJ": 1777727987.4787877,
    "DOGE": 1777672645.5140188,
    "BTC": 1777690643.575507,
    "TRX": 1777708252.9309578
}