{
    "APT": 1777758310.1478944,
    "INJ": 1777802964.209528,
    "FET": 1777795588.445286,
    "OP": 1777748745.938901,
    "TIA": 1777779193.0872533
}