{
    "TIA": 1775884936.9064424,
    "ARB": 1775862239.4940925,
    "FET": 1775842812.1720166,
    "PEPE": 1775851351.360699,
    "APT": 1775894658.787406,
    "NEAR": 1775905262.8866727,
    "OP": 1775916545.3032494,
    "ADA": 1775923446.5474427
}