{
    "WIF": 1776168670.686326,
    "TIA": 1776192670.84643,
    "DOT": 1776209582.4233224,
    "NEAR": 1776234219.097038,
    "PEPE": 1776254877.8454328
}