{
    "INJ": 1777325929.888713,
    "TIA": 1777363165.1985219,
    "FET": 1777393470.9271834
}