{
    "TIA": 1776670267.5298564,
    "FET": 1776687471.068951,
    "INJ": 1776708781.4047167,
    "APT": 1776727843.2937355
}