{
    "APT": 1777700540.6244316,
    "ARB": 1777637314.05616,
    "INJ": 1777659481.2571573,
    "DOGE": 1777672645.5140188,
    "BTC": 1777690643.575507
}