{
    "TIA": 1777585156.383146,
    "APT": 1777622157.8631167,
    "ARB": 1777637314.05616
}