{
    "FET": 1777998612.4758475,
    "TIA": 1777923976.9614463,
    "WIF": 1777932352.6445146,
    "INJ": 1777949862.042368,
    "NEAR": 1777960145.182063,
    "OP": 1777968970.384168,
    "ADA": 1777978236.917083,
    "APT": 1778009280.0748396
}