{
    "ARB": 1777478802.3075643,
    "TIA": 1777499098.9173214,
    "DOT": 1777535779.8262281,
    "APT": 1777563090.2679782
}