{
    "TIA": 1776901045.5412834,
    "APT": 1776859940.3139198,
    "OP": 1776881917.7518878,
    "WIF": 1776925837.2997885
}