{
    "TIA": 1776579635.239552,
    "ARB": 1776597140.3572435,
    "OP": 1776618393.825675,
    "APT": 1776608847.8683481,
    "ETH": 1776628701.1602235,
    "SUI": 1776636422.846996
}